所屬資料庫,tid,所屬類別,cid,資料名稱,sid,統計資料檔案格式
桃園市統計年報,0001,土地,0001,市境界,000001,https://statisticsinfo.tycg.gov.tw/TaoyuanSTYB/RestfulAPI/GetStaticData.aspx?tid=0001&cid=0001&sid=000001&begin=2024&end=2025&type=JSON
桃園市統計年報,0001,土地,0001,已登記土地面積,000002,https://statisticsinfo.tycg.gov.tw/TaoyuanSTYB/RestfulAPI/GetStaticData.aspx?tid=0001&cid=0001&sid=000002&begin=2024&end=2025&type=JSON
桃園市統計年報,0001,土地,0001,實施三七五減租後佃農購買耕地面積與戶數(91~109年),000003,https://statisticsinfo.tycg.gov.tw/TaoyuanSTYB/RestfulAPI/GetStaticData.aspx?tid=0001&cid=0001&sid=000003&begin=2024&end=2025&type=JSON
桃園市統計年報,0001,土地,0001,實施三七五減租後承租人承買耕地面積及人數(110年後),000010,https://statisticsinfo.tycg.gov.tw/TaoyuanSTYB/RestfulAPI/GetStaticData.aspx?tid=0001&cid=0001&sid=000010&begin=2024&end=2025&type=JSON
桃園市統計年報,0001,土地,0001,實施三七五減租成果(91~109年),000004,https://statisticsinfo.tycg.gov.tw/TaoyuanSTYB/RestfulAPI/GetStaticData.aspx?tid=0001&cid=0001&sid=000004&begin=2024&end=2025&type=JSON
桃園市統計年報,0001,土地,0001,實施三七五減租成果(110年後),000011,https://statisticsinfo.tycg.gov.tw/TaoyuanSTYB/RestfulAPI/GetStaticData.aspx?tid=0001&cid=0001&sid=000011&begin=2024&end=2025&type=JSON
桃園市統計年報,0001,土地,0001,土地徵收面積,000005,https://statisticsinfo.tycg.gov.tw/TaoyuanSTYB/RestfulAPI/GetStaticData.aspx?tid=0001&cid=0001&sid=000005&begin=2024&end=2025&type=JSON
桃園市統計年報,0001,土地,0001,公地撥用面積,000006,https://statisticsinfo.tycg.gov.tw/TaoyuanSTYB/RestfulAPI/GetStaticData.aspx?tid=0001&cid=0001&sid=000006&begin=2024&end=2025&type=JSON
桃園市統計年報,0001,土地,0001,市地重劃成果【公辦】,000007,https://statisticsinfo.tycg.gov.tw/TaoyuanSTYB/RestfulAPI/GetStaticData.aspx?tid=0001&cid=0001&sid=000007&begin=2024&end=2025&type=JSON
桃園市統計年報,0001,土地,0001,市地重劃成果【自辦】,000008,https://statisticsinfo.tycg.gov.tw/TaoyuanSTYB/RestfulAPI/GetStaticData.aspx?tid=0001&cid=0001&sid=000008&begin=2024&end=2025&type=JSON
桃園市統計年報,0001,土地,0001,主要海岸、港灣,000009,https://statisticsinfo.tycg.gov.tw/TaoyuanSTYB/RestfulAPI/GetStaticData.aspx?tid=0001&cid=0001&sid=000009&begin=2024&end=2025&type=JSON
桃園市統計年報,0001,人口,0002,現住戶數、人口密度及性比例,000001,https://statisticsinfo.tycg.gov.tw/TaoyuanSTYB/RestfulAPI/GetStaticData.aspx?tid=0001&cid=0002&sid=000001&begin=2024&end=2025&type=JSON
桃園市統計年報,0001,人口,0002,戶籍動態(91~99年),000018,https://statisticsinfo.tycg.gov.tw/TaoyuanSTYB/RestfulAPI/GetStaticData.aspx?tid=0001&cid=0002&sid=000018&begin=2024&end=2025&type=JSON
桃園市統計年報,0001,人口,0002,戶籍動態(100年後),000002,https://statisticsinfo.tycg.gov.tw/TaoyuanSTYB/RestfulAPI/GetStaticData.aspx?tid=0001&cid=0002&sid=000002&begin=2024&end=2025&type=JSON
桃園市統計年報,0001,人口,0002,現住人口之年齡分配,000003,https://statisticsinfo.tycg.gov.tw/TaoyuanSTYB/RestfulAPI/GetStaticData.aspx?tid=0001&cid=0002&sid=000003&begin=2024&end=2025&type=JSON
桃園市統計年報,0001,人口,0002,現住人口之年齡結構,000004,https://statisticsinfo.tycg.gov.tw/TaoyuanSTYB/RestfulAPI/GetStaticData.aspx?tid=0001&cid=0002&sid=000004&begin=2024&end=2025&type=JSON
桃園市統計年報,0001,人口,0002,15歲以上現住人口之教育程度－按年齡別分(91~99年),000016,https://statisticsinfo.tycg.gov.tw/TaoyuanSTYB/RestfulAPI/GetStaticData.aspx?tid=0001&cid=0002&sid=000016&begin=2024&end=2025&type=JSON
桃園市統計年報,0001,人口,0002,15歲以上現住人口之教育程度－按年齡別分(100年後),000005,https://statisticsinfo.tycg.gov.tw/TaoyuanSTYB/RestfulAPI/GetStaticData.aspx?tid=0001&cid=0002&sid=000005&begin=2024&end=2025&type=JSON
桃園市統計年報,0001,人口,0002,15歲以上現住人口之教育程度－按區別分(91~99年),000017,https://statisticsinfo.tycg.gov.tw/TaoyuanSTYB/RestfulAPI/GetStaticData.aspx?tid=0001&cid=0002&sid=000017&begin=2024&end=2025&type=JSON
桃園市統計年報,0001,人口,0002,15歲以上現住人口之教育程度－按區別分(100年後),000006,https://statisticsinfo.tycg.gov.tw/TaoyuanSTYB/RestfulAPI/GetStaticData.aspx?tid=0001&cid=0002&sid=000006&begin=2024&end=2025&type=JSON
桃園市統計年報,0001,人口,0002,現住人口之婚姻狀況－按年齡別分(91~107年),000007,https://statisticsinfo.tycg.gov.tw/TaoyuanSTYB/RestfulAPI/GetStaticData.aspx?tid=0001&cid=0002&sid=000007&begin=2024&end=2025&type=JSON
桃園市統計年報,0001,人口,0002,現住人口之婚姻狀況－按年齡別分(108年後),000013,https://statisticsinfo.tycg.gov.tw/TaoyuanSTYB/RestfulAPI/GetStaticData.aspx?tid=0001&cid=0002&sid=000013&begin=2024&end=2025&type=JSON
桃園市統計年報,0001,人口,0002,現住人口之婚姻狀況－按區別分(91~107年),000008,https://statisticsinfo.tycg.gov.tw/TaoyuanSTYB/RestfulAPI/GetStaticData.aspx?tid=0001&cid=0002&sid=000008&begin=2024&end=2025&type=JSON
桃園市統計年報,0001,人口,0002,現住人口之婚姻狀況－按區別分(108年後),000014,https://statisticsinfo.tycg.gov.tw/TaoyuanSTYB/RestfulAPI/GetStaticData.aspx?tid=0001&cid=0002&sid=000014&begin=2024&end=2025&type=JSON
桃園市統計年報,0001,人口,0002,現住原住民族戶口數,000009,https://statisticsinfo.tycg.gov.tw/TaoyuanSTYB/RestfulAPI/GetStaticData.aspx?tid=0001&cid=0002&sid=000009&begin=2024&end=2025&type=JSON
桃園市統計年報,0001,人口,0002,現住原住民族年齡分配,000010,https://statisticsinfo.tycg.gov.tw/TaoyuanSTYB/RestfulAPI/GetStaticData.aspx?tid=0001&cid=0002&sid=000010&begin=2024&end=2025&type=JSON
桃園市統計年報,0001,人口,0002,15歲以上現住原住民族教育程度(100年後),000011,https://statisticsinfo.tycg.gov.tw/TaoyuanSTYB/RestfulAPI/GetStaticData.aspx?tid=0001&cid=0002&sid=000011&begin=2024&end=2025&type=JSON
桃園市統計年報,0001,人口,0002,現住原住民族婚姻狀況(100~107年),000012,https://statisticsinfo.tycg.gov.tw/TaoyuanSTYB/RestfulAPI/GetStaticData.aspx?tid=0001&cid=0002&sid=000012&begin=2024&end=2025&type=JSON
桃園市統計年報,0001,人口,0002,現住原住民族婚姻狀況(108年後),000015,https://statisticsinfo.tycg.gov.tw/TaoyuanSTYB/RestfulAPI/GetStaticData.aspx?tid=0001&cid=0002&sid=000015&begin=2024&end=2025&type=JSON
桃園市統計年報,0001,行政組織,0003,各級機關學校正式預算員額(91~102年),000009,https://statisticsinfo.tycg.gov.tw/TaoyuanSTYB/RestfulAPI/GetStaticData.aspx?tid=0001&cid=0003&sid=000009&begin=2024&end=2025&type=JSON
桃園市統計年報,0001,行政組織,0003,各級機關學校正式預算員額(103年後),000001,https://statisticsinfo.tycg.gov.tw/TaoyuanSTYB/RestfulAPI/GetStaticData.aspx?tid=0001&cid=0003&sid=000001&begin=2024&end=2025&type=JSON
桃園市統計年報,0001,行政組織,0003,各級機關學校員工總人數(91~102年),000010,https://statisticsinfo.tycg.gov.tw/TaoyuanSTYB/RestfulAPI/GetStaticData.aspx?tid=0001&cid=0003&sid=000010&begin=2024&end=2025&type=JSON
桃園市統計年報,0001,行政組織,0003,各級機關學校員工總人數(103年後),000002,https://statisticsinfo.tycg.gov.tw/TaoyuanSTYB/RestfulAPI/GetStaticData.aspx?tid=0001&cid=0003&sid=000002&begin=2024&end=2025&type=JSON
桃園市統計年報,0001,行政組織,0003,各級機關學校公教人員－按官等別分(91~102年),000011,https://statisticsinfo.tycg.gov.tw/TaoyuanSTYB/RestfulAPI/GetStaticData.aspx?tid=0001&cid=0003&sid=000011&begin=2024&end=2025&type=JSON
桃園市統計年報,0001,行政組織,0003,各級機關學校公教人員－按官等別分(103年後),000003,https://statisticsinfo.tycg.gov.tw/TaoyuanSTYB/RestfulAPI/GetStaticData.aspx?tid=0001&cid=0003&sid=000003&begin=2024&end=2025&type=JSON
桃園市統計年報,0001,行政組織,0003,各級機關學校公教人員－按教育程度分,000004,https://statisticsinfo.tycg.gov.tw/TaoyuanSTYB/RestfulAPI/GetStaticData.aspx?tid=0001&cid=0003&sid=000004&begin=2024&end=2025&type=JSON
桃園市統計年報,0001,行政組織,0003,各級機關學校公教人員－按年齡分,000005,https://statisticsinfo.tycg.gov.tw/TaoyuanSTYB/RestfulAPI/GetStaticData.aspx?tid=0001&cid=0003&sid=000005&begin=2024&end=2025&type=JSON
桃園市統計年報,0001,行政組織,0003,市長選舉概況(112年)【含歷屆】,000006,https://statisticsinfo.tycg.gov.tw/TaoyuanSTYB/RestfulAPI/GetStaticData.aspx?tid=0001&cid=0003&sid=000006&begin=2024&end=2025&type=JSON
桃園市統計年報,0001,行政組織,0003,區域立法委員選舉概況(112年)【含歷屆】,000007,https://statisticsinfo.tycg.gov.tw/TaoyuanSTYB/RestfulAPI/GetStaticData.aspx?tid=0001&cid=0003&sid=000007&begin=2024&end=2025&type=JSON
桃園市統計年報,0001,行政組織,0003,議員選舉概況(112年)【含歷屆】,000008,https://statisticsinfo.tycg.gov.tw/TaoyuanSTYB/RestfulAPI/GetStaticData.aspx?tid=0001&cid=0003&sid=000008&begin=2024&end=2025&type=JSON
桃園市統計年報,0001,農林漁牧,0004,耕地面積(91~102年),000024,https://statisticsinfo.tycg.gov.tw/TaoyuanSTYB/RestfulAPI/GetStaticData.aspx?tid=0001&cid=0004&sid=000024&begin=2024&end=2025&type=JSON
桃園市統計年報,0001,農林漁牧,0004,耕地面積(103年後),000001,https://statisticsinfo.tycg.gov.tw/TaoyuanSTYB/RestfulAPI/GetStaticData.aspx?tid=0001&cid=0004&sid=000001&begin=2024&end=2025&type=JSON
桃園市統計年報,0001,農林漁牧,0004,農牧戶概況—按可耕作地所有權屬分,000002,https://statisticsinfo.tycg.gov.tw/TaoyuanSTYB/RestfulAPI/GetStaticData.aspx?tid=0001&cid=0004&sid=000002&begin=2024&end=2025&type=JSON
桃園市統計年報,0001,農林漁牧,0004,稻米收穫面積及生產量,000003,https://statisticsinfo.tycg.gov.tw/TaoyuanSTYB/RestfulAPI/GetStaticData.aspx?tid=0001&cid=0004&sid=000003&begin=2024&end=2025&type=JSON
桃園市統計年報,0001,農林漁牧,0004,農產品收穫面積及生產量【雜糧生產】,000004,https://statisticsinfo.tycg.gov.tw/TaoyuanSTYB/RestfulAPI/GetStaticData.aspx?tid=0001&cid=0004&sid=000004&begin=2024&end=2025&type=JSON
桃園市統計年報,0001,農林漁牧,0004,農產品收穫面積及生產量【特用作物生產】,000005,https://statisticsinfo.tycg.gov.tw/TaoyuanSTYB/RestfulAPI/GetStaticData.aspx?tid=0001&cid=0004&sid=000005&begin=2024&end=2025&type=JSON
桃園市統計年報,0001,農林漁牧,0004,農產品收穫面積及生產量【蔬菜生產】,000006,https://statisticsinfo.tycg.gov.tw/TaoyuanSTYB/RestfulAPI/GetStaticData.aspx?tid=0001&cid=0004&sid=000006&begin=2024&end=2025&type=JSON
桃園市統計年報,0001,農林漁牧,0004,農產品收穫面積及生產量【果品生產】,000007,https://statisticsinfo.tycg.gov.tw/TaoyuanSTYB/RestfulAPI/GetStaticData.aspx?tid=0001&cid=0004&sid=000007&begin=2024&end=2025&type=JSON
桃園市統計年報,0001,農林漁牧,0004,造林面積及數量,000008,https://statisticsinfo.tycg.gov.tw/TaoyuanSTYB/RestfulAPI/GetStaticData.aspx?tid=0001&cid=0004&sid=000008&begin=2024&end=2025&type=JSON
桃園市統計年報,0001,農林漁牧,0004,森林主產物採伐面積及生產量,000009,https://statisticsinfo.tycg.gov.tw/TaoyuanSTYB/RestfulAPI/GetStaticData.aspx?tid=0001&cid=0004&sid=000009&begin=2024&end=2025&type=JSON
桃園市統計年報,0001,農林漁牧,0004,漁業從業人員,000010,https://statisticsinfo.tycg.gov.tw/TaoyuanSTYB/RestfulAPI/GetStaticData.aspx?tid=0001&cid=0004&sid=000010&begin=2024&end=2025&type=JSON
桃園市統計年報,0001,農林漁牧,0004,漁戶數及漁戶人口數,000011,https://statisticsinfo.tycg.gov.tw/TaoyuanSTYB/RestfulAPI/GetStaticData.aspx?tid=0001&cid=0004&sid=000011&begin=2024&end=2025&type=JSON
桃園市統計年報,0001,農林漁牧,0004,現有動力漁船數,000012,https://statisticsinfo.tycg.gov.tw/TaoyuanSTYB/RestfulAPI/GetStaticData.aspx?tid=0001&cid=0004&sid=000012&begin=2024&end=2025&type=JSON
桃園市統計年報,0001,農林漁牧,0004,漁業生產量值,000013,https://statisticsinfo.tycg.gov.tw/TaoyuanSTYB/RestfulAPI/GetStaticData.aspx?tid=0001&cid=0004&sid=000013&begin=2024&end=2025&type=JSON
桃園市統計年報,0001,農林漁牧,0004,水產養殖面積,000014,https://statisticsinfo.tycg.gov.tw/TaoyuanSTYB/RestfulAPI/GetStaticData.aspx?tid=0001&cid=0004&sid=000014&begin=2024&end=2025&type=JSON
桃園市統計年報,0001,農林漁牧,0004,遭難漁船數(91~104年),000025,https://statisticsinfo.tycg.gov.tw/TaoyuanSTYB/RestfulAPI/GetStaticData.aspx?tid=0001&cid=0004&sid=000025&begin=2024&end=2025&type=JSON
桃園市統計年報,0001,農林漁牧,0004,遭難漁船數(105年後),000015,https://statisticsinfo.tycg.gov.tw/TaoyuanSTYB/RestfulAPI/GetStaticData.aspx?tid=0001&cid=0004&sid=000015&begin=2024&end=2025&type=JSON
桃園市統計年報,0001,農林漁牧,0004,遭難漁民數,000016,https://statisticsinfo.tycg.gov.tw/TaoyuanSTYB/RestfulAPI/GetStaticData.aspx?tid=0001&cid=0004&sid=000016&begin=2024&end=2025&type=JSON
桃園市統計年報,0001,農林漁牧,0004,現有家畜數,000017,https://statisticsinfo.tycg.gov.tw/TaoyuanSTYB/RestfulAPI/GetStaticData.aspx?tid=0001&cid=0004&sid=000017&begin=2024&end=2025&type=JSON
桃園市統計年報,0001,農林漁牧,0004,家畜屠宰頭數,000018,https://statisticsinfo.tycg.gov.tw/TaoyuanSTYB/RestfulAPI/GetStaticData.aspx?tid=0001&cid=0004&sid=000018&begin=2024&end=2025&type=JSON
桃園市統計年報,0001,農林漁牧,0004,產乳牛頭數及產乳量,000019,https://statisticsinfo.tycg.gov.tw/TaoyuanSTYB/RestfulAPI/GetStaticData.aspx?tid=0001&cid=0004&sid=000019&begin=2024&end=2025&type=JSON
桃園市統計年報,0001,農林漁牧,0004,現有家禽數量,000020,https://statisticsinfo.tycg.gov.tw/TaoyuanSTYB/RestfulAPI/GetStaticData.aspx?tid=0001&cid=0004&sid=000020&begin=2024&end=2025&type=JSON
桃園市統計年報,0001,農林漁牧,0004,水土保持處理面積(91~95年),000027,https://statisticsinfo.tycg.gov.tw/TaoyuanSTYB/RestfulAPI/GetStaticData.aspx?tid=0001&cid=0004&sid=000027&begin=2024&end=2025&type=JSON
桃園市統計年報,0001,農林漁牧,0004,水土保持處理面積(96年後),000021,https://statisticsinfo.tycg.gov.tw/TaoyuanSTYB/RestfulAPI/GetStaticData.aspx?tid=0001&cid=0004&sid=000021&begin=2024&end=2025&type=JSON
桃園市統計年報,0001,農林漁牧,0004,農路改善及維護工程,000022,https://statisticsinfo.tycg.gov.tw/TaoyuanSTYB/RestfulAPI/GetStaticData.aspx?tid=0001&cid=0004&sid=000022&begin=2024&end=2025&type=JSON
桃園市統計年報,0001,農林漁牧,0004,灌溉排水受益地面積(92~112年),000023,https://statisticsinfo.tycg.gov.tw/TaoyuanSTYB/RestfulAPI/GetStaticData.aspx?tid=0001&cid=0004&sid=000023&begin=2024&end=2025&type=JSON
桃園市統計年報,0001,農林漁牧,0004,灌溉服務面積(113年後),000028,https://statisticsinfo.tycg.gov.tw/TaoyuanSTYB/RestfulAPI/GetStaticData.aspx?tid=0001&cid=0004&sid=000028&begin=2024&end=2025&type=JSON
桃園市統計年報,0001,工商建設,0005,營運中工廠家數,000022,https://statisticsinfo.tycg.gov.tw/TaoyuanSTYB/RestfulAPI/GetStaticData.aspx?tid=0001&cid=0005&sid=000022&begin=2024&end=2025&type=JSON
桃園市統計年報,0001,工商建設,0005,工廠登記現有家數(91~95年),000020,https://statisticsinfo.tycg.gov.tw/TaoyuanSTYB/RestfulAPI/GetStaticData.aspx?tid=0001&cid=0005&sid=000020&begin=2024&end=2025&type=JSON
桃園市統計年報,0001,工商建設,0005,工廠登記現有家數(96~110年),000001,https://statisticsinfo.tycg.gov.tw/TaoyuanSTYB/RestfulAPI/GetStaticData.aspx?tid=0001&cid=0005&sid=000001&begin=2024&end=2025&type=JSON
桃園市統計年報,0001,工商建設,0005,工廠登記現有家數(111年後),000021,https://statisticsinfo.tycg.gov.tw/TaoyuanSTYB/RestfulAPI/GetStaticData.aspx?tid=0001&cid=0005&sid=000021&begin=2024&end=2025&type=JSON
桃園市統計年報,0001,工商建設,0005,商業登記現有家數及資本額(91~95年),000017,https://statisticsinfo.tycg.gov.tw/TaoyuanSTYB/RestfulAPI/GetStaticData.aspx?tid=0001&cid=0005&sid=000017&begin=2024&end=2025&type=JSON
桃園市統計年報,0001,工商建設,0005,商業登記現有家數及資本額(96~104年),000014,https://statisticsinfo.tycg.gov.tw/TaoyuanSTYB/RestfulAPI/GetStaticData.aspx?tid=0001&cid=0005&sid=000014&begin=2024&end=2025&type=JSON
桃園市統計年報,0001,工商建設,0005,商業登記現有家數及資本額(105年後),000002,https://statisticsinfo.tycg.gov.tw/TaoyuanSTYB/RestfulAPI/GetStaticData.aspx?tid=0001&cid=0005&sid=000002&begin=2024&end=2025&type=JSON
桃園市統計年報,0001,工商建設,0005,公司登記現有家數及資本額－按組織別分,000003,https://statisticsinfo.tycg.gov.tw/TaoyuanSTYB/RestfulAPI/GetStaticData.aspx?tid=0001&cid=0005&sid=000003&begin=2024&end=2025&type=JSON
桃園市統計年報,0001,工商建設,0005,公司登記現有家數及資本額－按行業別分(91~95年),000018,https://statisticsinfo.tycg.gov.tw/TaoyuanSTYB/RestfulAPI/GetStaticData.aspx?tid=0001&cid=0005&sid=000018&begin=2024&end=2025&type=JSON
桃園市統計年報,0001,工商建設,0005,公司登記現有家數及資本額－按行業別分(96~104年),000015,https://statisticsinfo.tycg.gov.tw/TaoyuanSTYB/RestfulAPI/GetStaticData.aspx?tid=0001&cid=0005&sid=000015&begin=2024&end=2025&type=JSON
桃園市統計年報,0001,工商建設,0005,公司登記現有家數及資本額－按行業別分(105年後),000004,https://statisticsinfo.tycg.gov.tw/TaoyuanSTYB/RestfulAPI/GetStaticData.aspx?tid=0001&cid=0005&sid=000004&begin=2024&end=2025&type=JSON
桃園市統計年報,0001,工商建設,0005,都市計畫區面積及人口,000005,https://statisticsinfo.tycg.gov.tw/TaoyuanSTYB/RestfulAPI/GetStaticData.aspx?tid=0001&cid=0005&sid=000005&begin=2024&end=2025&type=JSON
桃園市統計年報,0001,工商建設,0005,都市計畫區域內公共工程實施數量(91~97年),000019,https://statisticsinfo.tycg.gov.tw/TaoyuanSTYB/RestfulAPI/GetStaticData.aspx?tid=0001&cid=0005&sid=000019&begin=2024&end=2025&type=JSON
桃園市統計年報,0001,工商建設,0005,都市計畫區域內公共工程實施數量(98年後),000006,https://statisticsinfo.tycg.gov.tw/TaoyuanSTYB/RestfulAPI/GetStaticData.aspx?tid=0001&cid=0005&sid=000006&begin=2024&end=2025&type=JSON
桃園市統計年報,0001,工商建設,0005,都市計畫公共設施用地計畫面積,000007,https://statisticsinfo.tycg.gov.tw/TaoyuanSTYB/RestfulAPI/GetStaticData.aspx?tid=0001&cid=0005&sid=000007&begin=2024&end=2025&type=JSON
桃園市統計年報,0001,工商建設,0005,都市計畫公共設施用地已闢建面積(94年後),000008,https://statisticsinfo.tycg.gov.tw/TaoyuanSTYB/RestfulAPI/GetStaticData.aspx?tid=0001&cid=0005&sid=000008&begin=2024&end=2025&type=JSON
桃園市統計年報,0001,工商建設,0005,核發建築物使用執照總樓地板面積(91~94年),000016,https://statisticsinfo.tycg.gov.tw/TaoyuanSTYB/RestfulAPI/GetStaticData.aspx?tid=0001&cid=0005&sid=000016&begin=2024&end=2025&type=JSON
桃園市統計年報,0001,工商建設,0005,核發建築物使用執照總樓地板面積(95年後),000009,https://statisticsinfo.tycg.gov.tw/TaoyuanSTYB/RestfulAPI/GetStaticData.aspx?tid=0001&cid=0005&sid=000009&begin=2024&end=2025&type=JSON
桃園市統計年報,0001,工商建設,0005,電力供應情形,000010,https://statisticsinfo.tycg.gov.tw/TaoyuanSTYB/RestfulAPI/GetStaticData.aspx?tid=0001&cid=0005&sid=000010&begin=2024&end=2025&type=JSON
桃園市統計年報,0001,工商建設,0005,自來水供水普及率,000011,https://statisticsinfo.tycg.gov.tw/TaoyuanSTYB/RestfulAPI/GetStaticData.aspx?tid=0001&cid=0005&sid=000011&begin=2024&end=2025&type=JSON
桃園市統計年報,0001,工商建設,0005,現有河川防洪設施及各項工程實施,000012,https://statisticsinfo.tycg.gov.tw/TaoyuanSTYB/RestfulAPI/GetStaticData.aspx?tid=0001&cid=0005&sid=000012&begin=2024&end=2025&type=JSON
桃園市統計年報,0001,工商建設,0005,禦潮(海堤)工程實施,000013,https://statisticsinfo.tycg.gov.tw/TaoyuanSTYB/RestfulAPI/GetStaticData.aspx?tid=0001&cid=0005&sid=000013&begin=2024&end=2025&type=JSON
桃園市統計年報,0001,金融、財稅,0006,金融機構分布,000001,https://statisticsinfo.tycg.gov.tw/TaoyuanSTYB/RestfulAPI/GetStaticData.aspx?tid=0001&cid=0006&sid=000001&begin=2024&end=2025&type=JSON
桃園市統計年報,0001,金融、財稅,0006,主要金融機構存、放款餘額,000002,https://statisticsinfo.tycg.gov.tw/TaoyuanSTYB/RestfulAPI/GetStaticData.aspx?tid=0001&cid=0006&sid=000002&begin=2024&end=2025&type=JSON
桃園市統計年報,0001,金融、財稅,0006,歲入預決算－按來源別分【預算】,000003,https://statisticsinfo.tycg.gov.tw/TaoyuanSTYB/RestfulAPI/GetStaticData.aspx?tid=0001&cid=0006&sid=000003&begin=2024&end=2025&type=JSON
桃園市統計年報,0001,金融、財稅,0006,歲入預決算－按來源別分【決算】,000004,https://statisticsinfo.tycg.gov.tw/TaoyuanSTYB/RestfulAPI/GetStaticData.aspx?tid=0001&cid=0006&sid=000004&begin=2024&end=2025&type=JSON
桃園市統計年報,0001,金融、財稅,0006,歲出預決算－按政事別分【預算】,000005,https://statisticsinfo.tycg.gov.tw/TaoyuanSTYB/RestfulAPI/GetStaticData.aspx?tid=0001&cid=0006&sid=000005&begin=2024&end=2025&type=JSON
桃園市統計年報,0001,金融、財稅,0006,歲出預決算－按政事別分【決算】,000006,https://statisticsinfo.tycg.gov.tw/TaoyuanSTYB/RestfulAPI/GetStaticData.aspx?tid=0001&cid=0006&sid=000006&begin=2024&end=2025&type=JSON
桃園市統計年報,0001,金融、財稅,0006,歷年財政狀況,000007,https://statisticsinfo.tycg.gov.tw/TaoyuanSTYB/RestfulAPI/GetStaticData.aspx?tid=0001&cid=0006&sid=000007&begin=2024&end=2025&type=JSON
桃園市統計年報,0001,金融、財稅,0006,各項稅捐實徵數,000008,https://statisticsinfo.tycg.gov.tw/TaoyuanSTYB/RestfulAPI/GetStaticData.aspx?tid=0001&cid=0006&sid=000008&begin=2024&end=2025&type=JSON
桃園市統計年報,0001,金融、財稅,0006,各項稅捐納庫數(91~100年),000009,https://statisticsinfo.tycg.gov.tw/TaoyuanSTYB/RestfulAPI/GetStaticData.aspx?tid=0001&cid=0006&sid=000009&begin=2024&end=2025&type=JSON
桃園市統計年報,0001,金融、財稅,0006,各項稅捐納庫數(101年後),000013,https://statisticsinfo.tycg.gov.tw/TaoyuanSTYB/RestfulAPI/GetStaticData.aspx?tid=0001&cid=0006&sid=000013&begin=2024&end=2025&type=JSON
桃園市統計年報,0001,金融、財稅,0006,公庫收支【收入】,000010,https://statisticsinfo.tycg.gov.tw/TaoyuanSTYB/RestfulAPI/GetStaticData.aspx?tid=0001&cid=0006&sid=000010&begin=2024&end=2025&type=JSON
桃園市統計年報,0001,金融、財稅,0006,公庫收支【支出】,000011,https://statisticsinfo.tycg.gov.tw/TaoyuanSTYB/RestfulAPI/GetStaticData.aspx?tid=0001&cid=0006&sid=000011&begin=2024&end=2025&type=JSON
桃園市統計年報,0001,金融、財稅,0006,營業基金及非營業特種基金盈虧（餘絀）,000012,https://statisticsinfo.tycg.gov.tw/TaoyuanSTYB/RestfulAPI/GetStaticData.aspx?tid=0001&cid=0006&sid=000012&begin=2024&end=2025&type=JSON
桃園市統計年報,0001,交通運輸,0007,車輛登記,000001,https://statisticsinfo.tycg.gov.tw/TaoyuanSTYB/RestfulAPI/GetStaticData.aspx?tid=0001&cid=0007&sid=000001&begin=2024&end=2025&type=JSON
桃園市統計年報,0001,交通運輸,0007,公路里程概況,000002,https://statisticsinfo.tycg.gov.tw/TaoyuanSTYB/RestfulAPI/GetStaticData.aspx?tid=0001&cid=0007&sid=000002&begin=2024&end=2025&type=JSON
桃園市統計年報,0001,教育文化,0008,境內高等教育概況【大學】,000001,https://statisticsinfo.tycg.gov.tw/TaoyuanSTYB/RestfulAPI/GetStaticData.aspx?tid=0001&cid=0008&sid=000001&begin=2024&end=2025&type=JSON
桃園市統計年報,0001,教育文化,0008,境內高等教育概況【專科】,000002,https://statisticsinfo.tycg.gov.tw/TaoyuanSTYB/RestfulAPI/GetStaticData.aspx?tid=0001&cid=0008&sid=000002&begin=2024&end=2025&type=JSON
桃園市統計年報,0001,教育文化,0008,境內高級中等學校概況【高中(91至102學年)】,000015,https://statisticsinfo.tycg.gov.tw/TaoyuanSTYB/RestfulAPI/GetStaticData.aspx?tid=0001&cid=0008&sid=000015&begin=2024&end=2025&type=JSON
桃園市統計年報,0001,教育文化,0008,境內高級中等學校概況【高職(91至102學年)】,000016,https://statisticsinfo.tycg.gov.tw/TaoyuanSTYB/RestfulAPI/GetStaticData.aspx?tid=0001&cid=0008&sid=000016&begin=2024&end=2025&type=JSON
桃園市統計年報,0001,教育文化,0008,境內高級中等學校概況(103學年起),000003,https://statisticsinfo.tycg.gov.tw/TaoyuanSTYB/RestfulAPI/GetStaticData.aspx?tid=0001&cid=0008&sid=000003&begin=2024&end=2025&type=JSON
桃園市統計年報,0001,教育文化,0008,境內國民中學概況,000004,https://statisticsinfo.tycg.gov.tw/TaoyuanSTYB/RestfulAPI/GetStaticData.aspx?tid=0001&cid=0008&sid=000004&begin=2024&end=2025&type=JSON
桃園市統計年報,0001,教育文化,0008,境內國民小學概況,000005,https://statisticsinfo.tycg.gov.tw/TaoyuanSTYB/RestfulAPI/GetStaticData.aspx?tid=0001&cid=0008&sid=000005&begin=2024&end=2025&type=JSON
桃園市統計年報,0001,教育文化,0008,境內幼稚園概況(91至100學年),000006,https://statisticsinfo.tycg.gov.tw/TaoyuanSTYB/RestfulAPI/GetStaticData.aspx?tid=0001&cid=0008&sid=000006&begin=2024&end=2025&type=JSON
桃園市統計年報,0001,教育文化,0008,境內幼兒園概況(101學年起),000007,https://statisticsinfo.tycg.gov.tw/TaoyuanSTYB/RestfulAPI/GetStaticData.aspx?tid=0001&cid=0008&sid=000007&begin=2024&end=2025&type=JSON
桃園市統計年報,0001,教育文化,0008,境內各級補校概況,000008,https://statisticsinfo.tycg.gov.tw/TaoyuanSTYB/RestfulAPI/GetStaticData.aspx?tid=0001&cid=0008&sid=000008&begin=2024&end=2025&type=JSON
桃園市統計年報,0001,教育文化,0008,短期補習班概況,000009,https://statisticsinfo.tycg.gov.tw/TaoyuanSTYB/RestfulAPI/GetStaticData.aspx?tid=0001&cid=0008&sid=000009&begin=2024&end=2025&type=JSON
桃園市統計年報,0001,教育文化,0008,國中小學中途輟學學生概況(93學年起),000010,https://statisticsinfo.tycg.gov.tw/TaoyuanSTYB/RestfulAPI/GetStaticData.aspx?tid=0001&cid=0008&sid=000010&begin=2024&end=2025&type=JSON
桃園市統計年報,0001,教育文化,0008,國民中學學生祼視視力檢查,000011,https://statisticsinfo.tycg.gov.tw/TaoyuanSTYB/RestfulAPI/GetStaticData.aspx?tid=0001&cid=0008&sid=000011&begin=2024&end=2025&type=JSON
桃園市統計年報,0001,教育文化,0008,國民小學學生裸視視力檢查,000012,https://statisticsinfo.tycg.gov.tw/TaoyuanSTYB/RestfulAPI/GetStaticData.aspx?tid=0001&cid=0008&sid=000012&begin=2024&end=2025&type=JSON
桃園市統計年報,0001,教育文化,0008,公立公共圖書館概況,000013,https://statisticsinfo.tycg.gov.tw/TaoyuanSTYB/RestfulAPI/GetStaticData.aspx?tid=0001&cid=0008&sid=000013&begin=2024&end=2025&type=JSON
桃園市統計年報,0001,教育文化,0008,各項藝文展演活動(93學年),000017,https://statisticsinfo.tycg.gov.tw/TaoyuanSTYB/RestfulAPI/GetStaticData.aspx?tid=0001&cid=0008&sid=000017&begin=2024&end=2025&type=JSON
桃園市統計年報,0001,教育文化,0008,各項藝文展演活動(94學年起),000014,https://statisticsinfo.tycg.gov.tw/TaoyuanSTYB/RestfulAPI/GetStaticData.aspx?tid=0001&cid=0008&sid=000014&begin=2024&end=2025&type=JSON
桃園市統計年報,0001,衛生,0009,醫療機構及其他醫事機構開（執）業醫事人員數,000001,https://statisticsinfo.tycg.gov.tw/TaoyuanSTYB/RestfulAPI/GetStaticData.aspx?tid=0001&cid=0009&sid=000001&begin=2024&end=2025&type=JSON
桃園市統計年報,0001,衛生,0009,醫療院所數及各類病床數、救護車輛數,000002,https://statisticsinfo.tycg.gov.tw/TaoyuanSTYB/RestfulAPI/GetStaticData.aspx?tid=0001&cid=0009&sid=000002&begin=2024&end=2025&type=JSON
桃園市統計年報,0001,衛生,0009,預防接種工作,000003,https://statisticsinfo.tycg.gov.tw/TaoyuanSTYB/RestfulAPI/GetStaticData.aspx?tid=0001&cid=0009&sid=000003&begin=2024&end=2025&type=JSON
桃園市統計年報,0001,衛生,0009,法定傳染病病例人數【確定病例】,000004,https://statisticsinfo.tycg.gov.tw/TaoyuanSTYB/RestfulAPI/GetStaticData.aspx?tid=0001&cid=0009&sid=000004&begin=2024&end=2025&type=JSON
桃園市統計年報,0001,衛生,0009,法定傳染病病例人數【報告病例】,000005,https://statisticsinfo.tycg.gov.tw/TaoyuanSTYB/RestfulAPI/GetStaticData.aspx?tid=0001&cid=0009&sid=000005&begin=2024&end=2025&type=JSON
桃園市統計年報,0001,衛生,0009,藥商家數,000006,https://statisticsinfo.tycg.gov.tw/TaoyuanSTYB/RestfulAPI/GetStaticData.aspx?tid=0001&cid=0009&sid=000006&begin=2024&end=2025&type=JSON
桃園市統計年報,0001,衛生,0009,主要死亡原因,000007,https://statisticsinfo.tycg.gov.tw/TaoyuanSTYB/RestfulAPI/GetStaticData.aspx?tid=0001&cid=0009&sid=000007&begin=2024&end=2025&type=JSON
桃園市統計年報,0001,衛生,0009,營業衛生管理稽核概況－按稽查家次分,000008,https://statisticsinfo.tycg.gov.tw/TaoyuanSTYB/RestfulAPI/GetStaticData.aspx?tid=0001&cid=0009&sid=000008&begin=2024&end=2025&type=JSON
桃園市統計年報,0001,環境保護,0010,一般廢棄物清運處理概況(91~106年),000007,https://statisticsinfo.tycg.gov.tw/TaoyuanSTYB/RestfulAPI/GetStaticData.aspx?tid=0001&cid=0010&sid=000007&begin=2024&end=2025&type=JSON
桃園市統計年報,0001,環境保護,0010,一般廢棄物清運處理概況(107年後),000001,https://statisticsinfo.tycg.gov.tw/TaoyuanSTYB/RestfulAPI/GetStaticData.aspx?tid=0001&cid=0010&sid=000001&begin=2024&end=2025&type=JSON
桃園市統計年報,0001,環境保護,0010,環境空氣品質,000002,https://statisticsinfo.tycg.gov.tw/TaoyuanSTYB/RestfulAPI/GetStaticData.aspx?tid=0001&cid=0010&sid=000002&begin=2024&end=2025&type=JSON
桃園市統計年報,0001,環境保護,0010,一般地區環境音量監測不合格情形(91~98年),000008,https://statisticsinfo.tycg.gov.tw/TaoyuanSTYB/RestfulAPI/GetStaticData.aspx?tid=0001&cid=0010&sid=000008&begin=2024&end=2025&type=JSON
桃園市統計年報,0001,環境保護,0010,一般地區環境音量監測不合格情形(99年後),000003,https://statisticsinfo.tycg.gov.tw/TaoyuanSTYB/RestfulAPI/GetStaticData.aspx?tid=0001&cid=0010&sid=000003&begin=2024&end=2025&type=JSON
桃園市統計年報,0001,環境保護,0010,道路交通音量監測不合格情形(91~98年),000009,https://statisticsinfo.tycg.gov.tw/TaoyuanSTYB/RestfulAPI/GetStaticData.aspx?tid=0001&cid=0010&sid=000009&begin=2024&end=2025&type=JSON
桃園市統計年報,0001,環境保護,0010,道路交通音量監測不合格情形(99年後),000004,https://statisticsinfo.tycg.gov.tw/TaoyuanSTYB/RestfulAPI/GetStaticData.aspx?tid=0001&cid=0010&sid=000004&begin=2024&end=2025&type=JSON
桃園市統計年報,0001,環境保護,0010,公害污染陳情受理案件,000005,https://statisticsinfo.tycg.gov.tw/TaoyuanSTYB/RestfulAPI/GetStaticData.aspx?tid=0001&cid=0010&sid=000005&begin=2024&end=2025&type=JSON
桃園市統計年報,0001,環境保護,0010,環保稽查（查核）概況,000006,https://statisticsinfo.tycg.gov.tw/TaoyuanSTYB/RestfulAPI/GetStaticData.aspx?tid=0001&cid=0010&sid=000006&begin=2024&end=2025&type=JSON
桃園市統計年報,0001,社會福利,0011,各級人民團體數及會員數(91~101年),000029,https://statisticsinfo.tycg.gov.tw/TaoyuanSTYB/RestfulAPI/GetStaticData.aspx?tid=0001&cid=0011&sid=000029&begin=2024&end=2025&type=JSON
桃園市統計年報,0001,社會福利,0011,各級人民團體數(102年後),000001,https://statisticsinfo.tycg.gov.tw/TaoyuanSTYB/RestfulAPI/GetStaticData.aspx?tid=0001&cid=0011&sid=000001&begin=2024&end=2025&type=JSON
桃園市統計年報,0001,社會福利,0011,宗教教務概況,000002,https://statisticsinfo.tycg.gov.tw/TaoyuanSTYB/RestfulAPI/GetStaticData.aspx?tid=0001&cid=0011&sid=000002&begin=2024&end=2025&type=JSON
桃園市統計年報,0001,社會福利,0011,宗教社會服務概況,000003,https://statisticsinfo.tycg.gov.tw/TaoyuanSTYB/RestfulAPI/GetStaticData.aspx?tid=0001&cid=0011&sid=000003&begin=2024&end=2025&type=JSON
桃園市統計年報,0001,社會福利,0011,合作社概況,000004,https://statisticsinfo.tycg.gov.tw/TaoyuanSTYB/RestfulAPI/GetStaticData.aspx?tid=0001&cid=0011&sid=000004&begin=2024&end=2025&type=JSON
桃園市統計年報,0001,社會福利,0011,推行社區發展工作成果,000005,https://statisticsinfo.tycg.gov.tw/TaoyuanSTYB/RestfulAPI/GetStaticData.aspx?tid=0001&cid=0011&sid=000005&begin=2024&end=2025&type=JSON
桃園市統計年報,0001,社會福利,0011,身心障礙人數(93年後),000006,https://statisticsinfo.tycg.gov.tw/TaoyuanSTYB/RestfulAPI/GetStaticData.aspx?tid=0001&cid=0011&sid=000006&begin=2024&end=2025&type=JSON
桃園市統計年報,0001,社會福利,0011,身心障礙福利服務概況,000007,https://statisticsinfo.tycg.gov.tw/TaoyuanSTYB/RestfulAPI/GetStaticData.aspx?tid=0001&cid=0011&sid=000007&begin=2024&end=2025&type=JSON
桃園市統計年報,0001,社會福利,0011,低收入戶人數及生活扶助,000008,https://statisticsinfo.tycg.gov.tw/TaoyuanSTYB/RestfulAPI/GetStaticData.aspx?tid=0001&cid=0011&sid=000008&begin=2024&end=2025&type=JSON
桃園市統計年報,0001,社會福利,0011,中低收入戶人數及生活扶助(100年後),000009,https://statisticsinfo.tycg.gov.tw/TaoyuanSTYB/RestfulAPI/GetStaticData.aspx?tid=0001&cid=0011&sid=000009&begin=2024&end=2025&type=JSON
桃園市統計年報,0001,社會福利,0011,中低收入老人生活津貼與老農津貼,000010,https://statisticsinfo.tycg.gov.tw/TaoyuanSTYB/RestfulAPI/GetStaticData.aspx?tid=0001&cid=0011&sid=000010&begin=2024&end=2025&type=JSON
桃園市統計年報,0001,社會福利,0011,辦理社會救助醫療補助概況,000011,https://statisticsinfo.tycg.gov.tw/TaoyuanSTYB/RestfulAPI/GetStaticData.aspx?tid=0001&cid=0011&sid=000011&begin=2024&end=2025&type=JSON
桃園市統計年報,0001,社會福利,0011,辦理急難救助概況(91~97年),000030,https://statisticsinfo.tycg.gov.tw/TaoyuanSTYB/RestfulAPI/GetStaticData.aspx?tid=0001&cid=0011&sid=000030&begin=2024&end=2025&type=JSON
桃園市統計年報,0001,社會福利,0011,辦理急難救助概況(98年後),000012,https://statisticsinfo.tycg.gov.tw/TaoyuanSTYB/RestfulAPI/GetStaticData.aspx?tid=0001&cid=0011&sid=000012&begin=2024&end=2025&type=JSON
桃園市統計年報,0001,社會福利,0011,遭受災害救助情形,000013,https://statisticsinfo.tycg.gov.tw/TaoyuanSTYB/RestfulAPI/GetStaticData.aspx?tid=0001&cid=0011&sid=000013&begin=2024&end=2025&type=JSON
桃園市統計年報,0001,社會福利,0011,遊民人數及處理情形(91~107年),000014,https://statisticsinfo.tycg.gov.tw/TaoyuanSTYB/RestfulAPI/GetStaticData.aspx?tid=0001&cid=0011&sid=000014&begin=2024&end=2025&type=JSON
桃園市統計年報,0001,社會福利,0011,遊民人數及處理情形(108年後),000024,https://statisticsinfo.tycg.gov.tw/TaoyuanSTYB/RestfulAPI/GetStaticData.aspx?tid=0001&cid=0011&sid=000024&begin=2024&end=2025&type=JSON
桃園市統計年報,0001,社會福利,0011,老人福利服務概況,000015,https://statisticsinfo.tycg.gov.tw/TaoyuanSTYB/RestfulAPI/GetStaticData.aspx?tid=0001&cid=0011&sid=000015&begin=2024&end=2025&type=JSON
桃園市統計年報,0001,社會福利,0011,長期照顧十年計畫服務個案人數(99年後),000016,https://statisticsinfo.tycg.gov.tw/TaoyuanSTYB/RestfulAPI/GetStaticData.aspx?tid=0001&cid=0011&sid=000016&begin=2024&end=2025&type=JSON
桃園市統計年報,0001,社會福利,0011,兒童及少年福利服務概況,000017,https://statisticsinfo.tycg.gov.tw/TaoyuanSTYB/RestfulAPI/GetStaticData.aspx?tid=0001&cid=0011&sid=000017&begin=2024&end=2025&type=JSON
桃園市統計年報,0001,社會福利,0011,托育機構概況(91-100年),000025,https://statisticsinfo.tycg.gov.tw/TaoyuanSTYB/RestfulAPI/GetStaticData.aspx?tid=0001&cid=0011&sid=000025&begin=2024&end=2025&type=JSON
桃園市統計年報,0001,社會福利,0011,托育機構概況(101年後),000018,https://statisticsinfo.tycg.gov.tw/TaoyuanSTYB/RestfulAPI/GetStaticData.aspx?tid=0001&cid=0011&sid=000018&begin=2024&end=2025&type=JSON
桃園市統計年報,0001,社會福利,0011,婦女福利服務概況(91~102年),000026,https://statisticsinfo.tycg.gov.tw/TaoyuanSTYB/RestfulAPI/GetStaticData.aspx?tid=0001&cid=0011&sid=000026&begin=2024&end=2025&type=JSON
桃園市統計年報,0001,社會福利,0011,婦女福利服務概況(103~105年),000027,https://statisticsinfo.tycg.gov.tw/TaoyuanSTYB/RestfulAPI/GetStaticData.aspx?tid=0001&cid=0011&sid=000027&begin=2024&end=2025&type=JSON
桃園市統計年報,0001,社會福利,0011,婦女福利服務概況(106年後),000019,https://statisticsinfo.tycg.gov.tw/TaoyuanSTYB/RestfulAPI/GetStaticData.aspx?tid=0001&cid=0011&sid=000019&begin=2024&end=2025&type=JSON
桃園市統計年報,0001,社會福利,0011,特殊境遇家庭扶助服務概況,000020,https://statisticsinfo.tycg.gov.tw/TaoyuanSTYB/RestfulAPI/GetStaticData.aspx?tid=0001&cid=0011&sid=000020&begin=2024&end=2025&type=JSON
桃園市統計年報,0001,社會福利,0011,社會福利工作人員數(91~112年),000021,https://statisticsinfo.tycg.gov.tw/TaoyuanSTYB/RestfulAPI/GetStaticData.aspx?tid=0001&cid=0011&sid=000021&begin=2024&end=2025&type=JSON
桃園市統計年報,0001,社會福利,0011,社會工作專職人員數(111年以後),000031,https://statisticsinfo.tycg.gov.tw/TaoyuanSTYB/RestfulAPI/GetStaticData.aspx?tid=0001&cid=0011&sid=000031&begin=2024&end=2025&type=JSON
桃園市統計年報,0001,社會福利,0011,性侵害通報案件(94年後),000022,https://statisticsinfo.tycg.gov.tw/TaoyuanSTYB/RestfulAPI/GetStaticData.aspx?tid=0001&cid=0011&sid=000022&begin=2024&end=2025&type=JSON
桃園市統計年報,0001,社會福利,0011,家庭暴力通報案件(94~107年),000023,https://statisticsinfo.tycg.gov.tw/TaoyuanSTYB/RestfulAPI/GetStaticData.aspx?tid=0001&cid=0011&sid=000023&begin=2024&end=2025&type=JSON
桃園市統計年報,0001,社會福利,0011,家庭暴力通報案件(108年後),000028,https://statisticsinfo.tycg.gov.tw/TaoyuanSTYB/RestfulAPI/GetStaticData.aspx?tid=0001&cid=0011&sid=000028&begin=2024&end=2025&type=JSON
桃園市統計年報,0001,勞工行政,0012,勞資爭議案件(91~96年),000020,https://statisticsinfo.tycg.gov.tw/TaoyuanSTYB/RestfulAPI/GetStaticData.aspx?tid=0001&cid=0012&sid=000020&begin=2024&end=2025&type=JSON
桃園市統計年報,0001,勞工行政,0012,勞資爭議案件(97年後),000001,https://statisticsinfo.tycg.gov.tw/TaoyuanSTYB/RestfulAPI/GetStaticData.aspx?tid=0001&cid=0012&sid=000001&begin=2024&end=2025&type=JSON
桃園市統計年報,0001,勞工行政,0012,勞工團體概況,000002,https://statisticsinfo.tycg.gov.tw/TaoyuanSTYB/RestfulAPI/GetStaticData.aspx?tid=0001&cid=0012&sid=000002&begin=2024&end=2025&type=JSON
桃園市統計年報,0001,勞工行政,0012,事業單位團體協約及勞資會議概況,000003,https://statisticsinfo.tycg.gov.tw/TaoyuanSTYB/RestfulAPI/GetStaticData.aspx?tid=0001&cid=0012&sid=000003&begin=2024&end=2025&type=JSON
桃園市統計年報,0001,勞工行政,0012,勞工服務中心服務概況,000004,https://statisticsinfo.tycg.gov.tw/TaoyuanSTYB/RestfulAPI/GetStaticData.aspx?tid=0001&cid=0012&sid=000004&begin=2024&end=2025&type=JSON
桃園市統計年報,0001,勞工行政,0012,勞工教育及志願服務概況,000005,https://statisticsinfo.tycg.gov.tw/TaoyuanSTYB/RestfulAPI/GetStaticData.aspx?tid=0001&cid=0012&sid=000005&begin=2024&end=2025&type=JSON
桃園市統計年報,0001,勞工行政,0012,職工福利概況,000006,https://statisticsinfo.tycg.gov.tw/TaoyuanSTYB/RestfulAPI/GetStaticData.aspx?tid=0001&cid=0012&sid=000006&begin=2024&end=2025&type=JSON
桃園市統計年報,0001,勞工行政,0012,勞工保險各類投保單位數及人數,000007,https://statisticsinfo.tycg.gov.tw/TaoyuanSTYB/RestfulAPI/GetStaticData.aspx?tid=0001&cid=0012&sid=000007&begin=2024&end=2025&type=JSON
桃園市統計年報,0001,勞工行政,0012,移工概況(91~112年),000008,https://statisticsinfo.tycg.gov.tw/TaoyuanSTYB/RestfulAPI/GetStaticData.aspx?tid=0001&cid=0012&sid=000008&begin=2024&end=2025&type=JSON
桃園市統計年報,0001,勞工行政,0012,受聘僱移工人數(104年後),000024,https://statisticsinfo.tycg.gov.tw/TaoyuanSTYB/RestfulAPI/GetStaticData.aspx?tid=0001&cid=0012&sid=000024&begin=2024&end=2025&type=JSON
桃園市統計年報,0001,勞工行政,0012,人力資源調查重要結果指標,000009,https://statisticsinfo.tycg.gov.tw/TaoyuanSTYB/RestfulAPI/GetStaticData.aspx?tid=0001&cid=0012&sid=000009&begin=2024&end=2025&type=JSON
桃園市統計年報,0001,勞工行政,0012,勞動力之年齡分配,000010,https://statisticsinfo.tycg.gov.tw/TaoyuanSTYB/RestfulAPI/GetStaticData.aspx?tid=0001&cid=0012&sid=000010&begin=2024&end=2025&type=JSON
桃園市統計年報,0001,勞工行政,0012,就業者之行業(91~95年),000023,https://statisticsinfo.tycg.gov.tw/TaoyuanSTYB/RestfulAPI/GetStaticData.aspx?tid=0001&cid=0012&sid=000023&begin=2024&end=2025&type=JSON
桃園市統計年報,0001,勞工行政,0012,就業者之行業(96~105年),000019,https://statisticsinfo.tycg.gov.tw/TaoyuanSTYB/RestfulAPI/GetStaticData.aspx?tid=0001&cid=0012&sid=000019&begin=2024&end=2025&type=JSON
桃園市統計年報,0001,勞工行政,0012,就業者之行業(106~110年),000011,https://statisticsinfo.tycg.gov.tw/TaoyuanSTYB/RestfulAPI/GetStaticData.aspx?tid=0001&cid=0012&sid=000011&begin=2024&end=2025&type=JSON
桃園市統計年報,0001,勞工行政,0012,就業者之行業(111年後),000018,https://statisticsinfo.tycg.gov.tw/TaoyuanSTYB/RestfulAPI/GetStaticData.aspx?tid=0001&cid=0012&sid=000018&begin=2024&end=2025&type=JSON
桃園市統計年報,0001,勞工行政,0012,就業者之職業,000012,https://statisticsinfo.tycg.gov.tw/TaoyuanSTYB/RestfulAPI/GetStaticData.aspx?tid=0001&cid=0012&sid=000012&begin=2024&end=2025&type=JSON
桃園市統計年報,0001,勞工行政,0012,就業者之教育程度(91~99年),000021,https://statisticsinfo.tycg.gov.tw/TaoyuanSTYB/RestfulAPI/GetStaticData.aspx?tid=0001&cid=0012&sid=000021&begin=2024&end=2025&type=JSON
桃園市統計年報,0001,勞工行政,0012,就業者之教育程度(100~108年),000013,https://statisticsinfo.tycg.gov.tw/TaoyuanSTYB/RestfulAPI/GetStaticData.aspx?tid=0001&cid=0012&sid=000013&begin=2024&end=2025&type=JSON
桃園市統計年報,0001,勞工行政,0012,就業者之教育程度(109年後),000025,https://statisticsinfo.tycg.gov.tw/TaoyuanSTYB/RestfulAPI/GetStaticData.aspx?tid=0001&cid=0012&sid=000025&begin=2024&end=2025&type=JSON
桃園市統計年報,0001,勞工行政,0012,就業者之年齡分配,000014,https://statisticsinfo.tycg.gov.tw/TaoyuanSTYB/RestfulAPI/GetStaticData.aspx?tid=0001&cid=0012&sid=000014&begin=2024&end=2025&type=JSON
桃園市統計年報,0001,勞工行政,0012,失業者之教育程度(91~99年),000022,https://statisticsinfo.tycg.gov.tw/TaoyuanSTYB/RestfulAPI/GetStaticData.aspx?tid=0001&cid=0012&sid=000022&begin=2024&end=2025&type=JSON
桃園市統計年報,0001,勞工行政,0012,失業者之教育程度(100~108年),000015,https://statisticsinfo.tycg.gov.tw/TaoyuanSTYB/RestfulAPI/GetStaticData.aspx?tid=0001&cid=0012&sid=000015&begin=2024&end=2025&type=JSON
桃園市統計年報,0001,勞工行政,0012,失業者之教育程度(109年後),000026,https://statisticsinfo.tycg.gov.tw/TaoyuanSTYB/RestfulAPI/GetStaticData.aspx?tid=0001&cid=0012&sid=000026&begin=2024&end=2025&type=JSON
桃園市統計年報,0001,勞工行政,0012,失業者之年齡分配,000016,https://statisticsinfo.tycg.gov.tw/TaoyuanSTYB/RestfulAPI/GetStaticData.aspx?tid=0001&cid=0012&sid=000016&begin=2024&end=2025&type=JSON
桃園市統計年報,0001,勞工行政,0012,經指定填報職業災害統計之事業單位概況,000017,https://statisticsinfo.tycg.gov.tw/TaoyuanSTYB/RestfulAPI/GetStaticData.aspx?tid=0001&cid=0012&sid=000017&begin=2024&end=2025&type=JSON
桃園市統計年報,0001,社會治安,0013,刑事案件,000001,https://statisticsinfo.tycg.gov.tw/TaoyuanSTYB/RestfulAPI/GetStaticData.aspx?tid=0001&cid=0013&sid=000001&begin=2024&end=2025&type=JSON
桃園市統計年報,0001,社會治安,0013,違反社會秩序維護法案件,000002,https://statisticsinfo.tycg.gov.tw/TaoyuanSTYB/RestfulAPI/GetStaticData.aspx?tid=0001&cid=0013&sid=000002&begin=2024&end=2025&type=JSON
桃園市統計年報,0001,社會治安,0013,經濟案件(91~96年),000009,https://statisticsinfo.tycg.gov.tw/TaoyuanSTYB/RestfulAPI/GetStaticData.aspx?tid=0001&cid=0013&sid=000009&begin=2024&end=2025&type=JSON
桃園市統計年報,0001,社會治安,0013,經濟案件(97年後),000003,https://statisticsinfo.tycg.gov.tw/TaoyuanSTYB/RestfulAPI/GetStaticData.aspx?tid=0001&cid=0013&sid=000003&begin=2024&end=2025&type=JSON
桃園市統計年報,0001,社會治安,0013,道路交通事故原因及傷亡人數,000004,https://statisticsinfo.tycg.gov.tw/TaoyuanSTYB/RestfulAPI/GetStaticData.aspx?tid=0001&cid=0013&sid=000004&begin=2024&end=2025&type=JSON
桃園市統計年報,0001,社會治安,0013,消防人力及裝備,000005,https://statisticsinfo.tycg.gov.tw/TaoyuanSTYB/RestfulAPI/GetStaticData.aspx?tid=0001&cid=0013&sid=000005&begin=2024&end=2025&type=JSON
桃園市統計年報,0001,社會治安,0013,火災起火原因及損失情形,000006,https://statisticsinfo.tycg.gov.tw/TaoyuanSTYB/RestfulAPI/GetStaticData.aspx?tid=0001&cid=0013&sid=000006&begin=2024&end=2025&type=JSON
桃園市統計年報,0001,社會治安,0013,辦理調解業務概況,000007,https://statisticsinfo.tycg.gov.tw/TaoyuanSTYB/RestfulAPI/GetStaticData.aspx?tid=0001&cid=0013&sid=000007&begin=2024&end=2025&type=JSON
桃園市統計年報,0001,家庭收支,0014,平均每戶家庭收支(91~97年)【收入】,000003,https://statisticsinfo.tycg.gov.tw/TaoyuanSTYB/RestfulAPI/GetStaticData.aspx?tid=0001&cid=0014&sid=000003&begin=2024&end=2025&type=JSON
桃園市統計年報,0001,家庭收支,0014,平均每戶家庭收支(91~97年)【支出】,000004,https://statisticsinfo.tycg.gov.tw/TaoyuanSTYB/RestfulAPI/GetStaticData.aspx?tid=0001&cid=0014&sid=000004&begin=2024&end=2025&type=JSON
桃園市統計年報,0001,家庭收支,0014,平均每戶家庭收支(98~112年),000001,https://statisticsinfo.tycg.gov.tw/TaoyuanSTYB/RestfulAPI/GetStaticData.aspx?tid=0001&cid=0014&sid=000001&begin=2024&end=2025&type=JSON
桃園市統計年報,0001,家庭收支,0014,平均每戶家庭收支(103年後),000005,https://statisticsinfo.tycg.gov.tw/TaoyuanSTYB/RestfulAPI/GetStaticData.aspx?tid=0001&cid=0014&sid=000005&begin=2024&end=2025&type=JSON
桃園市統計年報,0001,家庭收支,0014,家庭主要設備普及率,000002,https://statisticsinfo.tycg.gov.tw/TaoyuanSTYB/RestfulAPI/GetStaticData.aspx?tid=0001&cid=0014&sid=000002&begin=2024&end=2025&type=JSON
桃園市統計年報,0001,其他,0015,郵政機構概況(92年後),000001,https://statisticsinfo.tycg.gov.tw/TaoyuanSTYB/RestfulAPI/GetStaticData.aspx?tid=0001&cid=0015&sid=000001&begin=2024&end=2025&type=JSON
桃園市統計年報,0001,其他,0015,主要觀光遊憩區遊客人次,000002,https://statisticsinfo.tycg.gov.tw/TaoyuanSTYB/RestfulAPI/GetStaticData.aspx?tid=0001&cid=0015&sid=000002&begin=2024&end=2025&type=JSON
桃園市家庭收支訪問調查,0003,家庭經常性收支之推定總值,0001,家庭收支按經濟戶長職業別分(104年至112年),000003,https://statisticsinfo.tycg.gov.tw/TaoyuanSTYB/RestfulAPI/GetStaticData.aspx?tid=0003&cid=0001&sid=000003&begin=2024&end=2025&type=JSON
桃園市性別統計,0004,權利、決策與影響力,0001,桃園市現有行政區首長人數,000010,https://statisticsinfo.tycg.gov.tw/TaoyuanSTYB/RestfulAPI/GetStaticData.aspx?tid=0004&cid=0001&sid=000010&begin=2024&end=2025&type=JSON
桃園市性別統計,0004,權利、決策與影響力,0001,桃園市(縣)長候選人人數,000002,https://statisticsinfo.tycg.gov.tw/TaoyuanSTYB/RestfulAPI/GetStaticData.aspx?tid=0004&cid=0001&sid=000002&begin=2024&end=2025&type=JSON
桃園市性別統計,0004,權利、決策與影響力,0001,桃園市(縣)長當選人性別,000003,https://statisticsinfo.tycg.gov.tw/TaoyuanSTYB/RestfulAPI/GetStaticData.aspx?tid=0004&cid=0001&sid=000003&begin=2024&end=2025&type=JSON
桃園市性別統計,0004,權利、決策與影響力,0001,桃園市區域立法委員候選人數,000004,https://statisticsinfo.tycg.gov.tw/TaoyuanSTYB/RestfulAPI/GetStaticData.aspx?tid=0004&cid=0001&sid=000004&begin=2024&end=2025&type=JSON
桃園市性別統計,0004,權利、決策與影響力,0001,桃園市區域立法委員當選人數,000005,https://statisticsinfo.tycg.gov.tw/TaoyuanSTYB/RestfulAPI/GetStaticData.aspx?tid=0004&cid=0001&sid=000005&begin=2024&end=2025&type=JSON
桃園市性別統計,0004,權利、決策與影響力,0001,桃園市(縣)議員候選人數,000006,https://statisticsinfo.tycg.gov.tw/TaoyuanSTYB/RestfulAPI/GetStaticData.aspx?tid=0004&cid=0001&sid=000006&begin=2024&end=2025&type=JSON
桃園市性別統計,0004,權利、決策與影響力,0001,桃園市(縣)議員當選人數,000007,https://statisticsinfo.tycg.gov.tw/TaoyuanSTYB/RestfulAPI/GetStaticData.aspx?tid=0004&cid=0001&sid=000007&begin=2024&end=2025&type=JSON
桃園市性別統計,0004,權利、決策與影響力,0001,桃園市(縣)村里長候選人人數,000008,https://statisticsinfo.tycg.gov.tw/TaoyuanSTYB/RestfulAPI/GetStaticData.aspx?tid=0004&cid=0001&sid=000008&begin=2024&end=2025&type=JSON
桃園市性別統計,0004,權利、決策與影響力,0001,桃園市(縣)村里長當選人人數,000009,https://statisticsinfo.tycg.gov.tw/TaoyuanSTYB/RestfulAPI/GetStaticData.aspx?tid=0004&cid=0001&sid=000009&begin=2024&end=2025&type=JSON
桃園市性別統計,0004,權利、決策與影響力,0001,桃園市地方公職人員選舉投票率(107年起停止發布),000001,https://statisticsinfo.tycg.gov.tw/TaoyuanSTYB/RestfulAPI/GetStaticData.aspx?tid=0004&cid=0001&sid=000001&begin=2024&end=2025&type=JSON
桃園市性別統計,0004,權利、決策與影響力,0001,桃園市簡任(派)公務人員人數,000011,https://statisticsinfo.tycg.gov.tw/TaoyuanSTYB/RestfulAPI/GetStaticData.aspx?tid=0004&cid=0001&sid=000011&begin=2024&end=2025&type=JSON
桃園市性別統計,0004,權利、決策與影響力,0001,桃園市公教人員數,000012,https://statisticsinfo.tycg.gov.tw/TaoyuanSTYB/RestfulAPI/GetStaticData.aspx?tid=0004&cid=0001&sid=000012&begin=2024&end=2025&type=JSON
桃園市性別統計,0004,權利、決策與影響力,0001,桃園市農田水利會會長及會務委員(110年起停止發布),000015,https://statisticsinfo.tycg.gov.tw/TaoyuanSTYB/RestfulAPI/GetStaticData.aspx?tid=0004&cid=0001&sid=000015&begin=2024&end=2025&type=JSON
桃園市性別統計,0004,權利、決策與影響力,0001,桃園市考試錄取分發及格人數按考試職系性質別分,000016,https://statisticsinfo.tycg.gov.tw/TaoyuanSTYB/RestfulAPI/GetStaticData.aspx?tid=0004&cid=0001&sid=000016&begin=2024&end=2025&type=JSON
桃園市性別統計,0004,權利、決策與影響力,0001,桃園市社區發展協會理事長人數,000017,https://statisticsinfo.tycg.gov.tw/TaoyuanSTYB/RestfulAPI/GetStaticData.aspx?tid=0004&cid=0001&sid=000017&begin=2024&end=2025&type=JSON
桃園市性別統計,0004,權利、決策與影響力,0001,桃園市社區發展協會會員數,000018,https://statisticsinfo.tycg.gov.tw/TaoyuanSTYB/RestfulAPI/GetStaticData.aspx?tid=0004&cid=0001&sid=000018&begin=2024&end=2025&type=JSON
桃園市性別統計,0004,權利、決策與影響力,0001,桃園市衛生局所屬婦女健康或衛生相關委員會(工作小組)個數,000019,https://statisticsinfo.tycg.gov.tw/TaoyuanSTYB/RestfulAPI/GetStaticData.aspx?tid=0004&cid=0001&sid=000019&begin=2024&end=2025&type=JSON
桃園市性別統計,0004,權利、決策與影響力,0001,桃園市性平會委員比率,000020,https://statisticsinfo.tycg.gov.tw/TaoyuanSTYB/RestfulAPI/GetStaticData.aspx?tid=0004&cid=0001&sid=000020&begin=2024&end=2025&type=JSON
桃園市性別統計,0004,權利、決策與影響力,0001,桃園市各級農會理事人數,000013,https://statisticsinfo.tycg.gov.tw/TaoyuanSTYB/RestfulAPI/GetStaticData.aspx?tid=0004&cid=0001&sid=000013&begin=2024&end=2025&type=JSON
桃園市性別統計,0004,權利、決策與影響力,0001,桃園市各級農會監事人數,000014,https://statisticsinfo.tycg.gov.tw/TaoyuanSTYB/RestfulAPI/GetStaticData.aspx?tid=0004&cid=0001&sid=000014&begin=2024&end=2025&type=JSON
桃園市性別統計,0004,權利、決策與影響力,0001,桃園市各級農會會員代表人數,000021,https://statisticsinfo.tycg.gov.tw/TaoyuanSTYB/RestfulAPI/GetStaticData.aspx?tid=0004&cid=0001&sid=000021&begin=2024&end=2025&type=JSON
桃園市性別統計,0004,權利、決策與影響力,0001,桃園市漁會理事人數,000022,https://statisticsinfo.tycg.gov.tw/TaoyuanSTYB/RestfulAPI/GetStaticData.aspx?tid=0004&cid=0001&sid=000022&begin=2024&end=2025&type=JSON
桃園市性別統計,0004,權利、決策與影響力,0001,桃園市漁會監事人數,000023,https://statisticsinfo.tycg.gov.tw/TaoyuanSTYB/RestfulAPI/GetStaticData.aspx?tid=0004&cid=0001&sid=000023&begin=2024&end=2025&type=JSON
桃園市性別統計,0004,權利、決策與影響力,0001,桃園市漁會會員代表人數,000024,https://statisticsinfo.tycg.gov.tw/TaoyuanSTYB/RestfulAPI/GetStaticData.aspx?tid=0004&cid=0001&sid=000024&begin=2024&end=2025&type=JSON
桃園市性別統計,0004,權利、決策與影響力,0001,桃園市工會幹部人數,000025,https://statisticsinfo.tycg.gov.tw/TaoyuanSTYB/RestfulAPI/GetStaticData.aspx?tid=0004&cid=0001&sid=000025&begin=2024&end=2025&type=JSON
桃園市重要統計速報,0005,本市重要統計資料,0001,土地及人口概況,000001,https://statisticsinfo.tycg.gov.tw/TaoyuanSTYB/RestfulAPI/GetStaticData.aspx?tid=0005&cid=0001&sid=000001&begin=2024&end=2025&type=JSON
桃園市重要統計速報,0005,本市重要統計資料,0001,戶籍動態,000013,https://statisticsinfo.tycg.gov.tw/TaoyuanSTYB/RestfulAPI/GetStaticData.aspx?tid=0005&cid=0001&sid=000013&begin=2024&end=2025&type=JSON
桃園市重要統計速報,0005,本市重要統計資料,0001,工商業登記,000002,https://statisticsinfo.tycg.gov.tw/TaoyuanSTYB/RestfulAPI/GetStaticData.aspx?tid=0005&cid=0001&sid=000002&begin=2024&end=2025&type=JSON
桃園市重要統計速報,0005,本市重要統計資料,0001,核發房屋使用執照,000003,https://statisticsinfo.tycg.gov.tw/TaoyuanSTYB/RestfulAPI/GetStaticData.aspx?tid=0005&cid=0001&sid=000003&begin=2024&end=2025&type=JSON
桃園市重要統計速報,0005,本市重要統計資料,0001,歲入實收數-實現數,000004,https://statisticsinfo.tycg.gov.tw/TaoyuanSTYB/RestfulAPI/GetStaticData.aspx?tid=0005&cid=0001&sid=000004&begin=2024&end=2025&type=JSON
桃園市重要統計速報,0005,本市重要統計資料,0001,歲入實收數-決算審定數,000014,https://statisticsinfo.tycg.gov.tw/TaoyuanSTYB/RestfulAPI/GetStaticData.aspx?tid=0005&cid=0001&sid=000014&begin=2024&end=2025&type=JSON
桃園市重要統計速報,0005,本市重要統計資料,0001,歲出實付數-實現數,000005,https://statisticsinfo.tycg.gov.tw/TaoyuanSTYB/RestfulAPI/GetStaticData.aspx?tid=0005&cid=0001&sid=000005&begin=2024&end=2025&type=JSON
桃園市重要統計速報,0005,本市重要統計資料,0001,歲出實付數-決算審定數,000015,https://statisticsinfo.tycg.gov.tw/TaoyuanSTYB/RestfulAPI/GetStaticData.aspx?tid=0005&cid=0001&sid=000015&begin=2024&end=2025&type=JSON
桃園市重要統計速報,0005,本市重要統計資料,0001,市稅實徵淨額,000006,https://statisticsinfo.tycg.gov.tw/TaoyuanSTYB/RestfulAPI/GetStaticData.aspx?tid=0005&cid=0001&sid=000006&begin=2024&end=2025&type=JSON
桃園市重要統計速報,0005,本市重要統計資料,0001,環境保護,000007,https://statisticsinfo.tycg.gov.tw/TaoyuanSTYB/RestfulAPI/GetStaticData.aspx?tid=0005&cid=0001&sid=000007&begin=2024&end=2025&type=JSON
桃園市重要統計速報,0005,本市重要統計資料,0001,社會安全,000008,https://statisticsinfo.tycg.gov.tw/TaoyuanSTYB/RestfulAPI/GetStaticData.aspx?tid=0005&cid=0001&sid=000008&begin=2024&end=2025&type=JSON
桃園市重要統計速報,0005,本市重要統計資料,0001,交通事故及違反交通管理,000009,https://statisticsinfo.tycg.gov.tw/TaoyuanSTYB/RestfulAPI/GetStaticData.aspx?tid=0005&cid=0001&sid=000009&begin=2024&end=2025&type=JSON
桃園市重要統計速報,0005,本市重要統計資料,0001,火災事故及消防救護,000017,https://statisticsinfo.tycg.gov.tw/TaoyuanSTYB/RestfulAPI/GetStaticData.aspx?tid=0005&cid=0001&sid=000017&begin=2024&end=2025&type=JSON
桃園市重要統計速報,0005,本市重要統計資料,0001,公共運輸,000016,https://statisticsinfo.tycg.gov.tw/TaoyuanSTYB/RestfulAPI/GetStaticData.aspx?tid=0005&cid=0001&sid=000016&begin=2024&end=2025&type=JSON
桃園市重要統計速報,0005,本市重要統計資料,0001,觀光旅遊,000010,https://statisticsinfo.tycg.gov.tw/TaoyuanSTYB/RestfulAPI/GetStaticData.aspx?tid=0005&cid=0001&sid=000010&begin=2024&end=2025&type=JSON
桃園市重要統計速報,0005,本市重要統計資料,0001,家庭消費,000011,https://statisticsinfo.tycg.gov.tw/TaoyuanSTYB/RestfulAPI/GetStaticData.aspx?tid=0005&cid=0001&sid=000011&begin=2024&end=2025&type=JSON
桃園市重要統計速報,0005,本市重要統計資料,0001,人力資源重要指標,000012,https://statisticsinfo.tycg.gov.tw/TaoyuanSTYB/RestfulAPI/GetStaticData.aspx?tid=0005&cid=0001&sid=000012&begin=2024&end=2025&type=JSON
